date,sales
2016-01-04,15478.0
2016-01-05,5826.0
2016-01-06,6790.008
2016-01-07,5153.61
2016-01-08,4616.0
2016-01-10,10.0
2016-01-11,8700.024
2016-01-12,8584.0
2016-01-13,4223.0
2016-01-14,8604.0
2016-01-15,5355.0
2016-01-18,9936.0
2016-01-19,6251.0
2016-01-20,7311.0
2016-01-21,5510.7
2016-01-22,4766.0
2016-01-25,8348.0
2016-01-26,6894.7
2016-01-27,5087.0
2016-01-28,4867.0
2016-01-29,5462.0
2016-02-01,7336.72
2016-02-02,8096.0
2016-02-03,6111.0
2016-02-04,8173.0
2016-02-05,4794.0
2016-02-08,8903.08
2016-02-09,6343.0
2016-02-10,5843.0
2016-02-11,5420.0
2016-02-12,6428.436
2016-02-15,8667.0
2016-02-16,6299.0
2016-02-17,5352.0
2016-02-18,6652.0
2016-02-19,4946.236
2016-02-22,8538.0
2016-02-23,6408.0
2016-02-24,3609.0
2016-02-25,5769.0
2016-02-26,5340.0
2016-02-29,8827.08
2016-03-01,6025.0
2016-03-02,7816.0
2016-03-03,5580.0
2016-03-04,6479.0
2016-03-07,10557.0
2016-03-08,6466.2880000000005
2016-03-09,6980.0
2016-03-10,4836.0
2016-03-11,4952.0
2016-03-14,7710.478
2016-03-15,5239.0
2016-03-16,7140.0
2016-03-17,5174.0
2016-03-18,4554.0
2016-03-21,14993.0
2016-03-22,6512.78
2016-03-23,7349.0
2016-03-24,5776.0
2016-03-25,3972.0
2016-03-28,5552.0
2016-03-29,6947.0
2016-03-30,5482.0
2016-03-31,4749.0
2016-04-01,6701.0
2016-04-04,12013.0
2016-04-05,8299.0
2016-04-06,8456.0
2016-04-07,5652.0
2016-04-08,6566.0
2016-04-11,8972.974
2016-04-12,7205.0
2016-04-13,7178.0
2016-04-14,5078.0
2016-04-15,5568.0
2016-04-18,7948.113
2016-04-19,6466.0
2016-04-20,8385.16
2016-04-21,5176.0
2016-04-22,6771.458
2016-04-25,7738.0
2016-04-26,6432.0
2016-04-27,5264.0
2016-04-28,6003.0
2016-04-29,6155.0
2016-05-01,70.0
2016-05-02,8605.0
2016-05-03,6182.0
2016-05-04,6943.0
2016-05-05,2372.0
2016-05-06,3392.0
2016-05-09,7778.0
2016-05-10,6505.0
2016-05-11,8112.08
2016-05-12,6787.55
2016-05-13,5782.0
2016-05-16,4544.0
2016-05-17,6054.0
2016-05-18,4650.0
2016-05-19,5878.0
2016-05-20,8038.0
2016-05-22,2.0
2016-05-23,10982.0
2016-05-24,7192.0
2016-05-25,7009.0
2016-05-26,4961.0
2016-05-27,7083.0
2016-05-30,10182.0
2016-05-31,7336.11
2016-06-01,6422.0
2016-06-02,6751.0
2016-06-03,5478.0
2016-06-06,9208.0
2016-06-07,7051.0
2016-06-08,6918.0
2016-06-09,5475.0
2016-06-10,5839.0
2016-06-13,10836.386
2016-06-14,6992.352
2016-06-15,6804.0
2016-06-16,4559.0
2016-06-17,5470.96
2016-06-20,7597.08
2016-06-21,8623.0
2016-06-22,6119.0
2016-06-23,5456.0
2016-06-24,4691.0
2016-06-26,10.0
2016-06-27,8031.52
2016-06-28,8952.0
2016-06-29,6887.0
2016-06-30,6009.4
2016-07-01,7463.465
2016-07-04,10984.0
2016-07-05,11026.0
2016-07-06,5966.0
2016-07-07,6718.0
2016-07-08,6478.0
2016-07-11,8266.0
2016-07-12,8964.0
2016-07-13,6996.0
2016-07-14,2501.0
2016-07-15,4100.0
2016-07-18,6468.0
2016-07-19,8528.0
2016-07-20,8287.0
2016-07-21,6754.0
2016-07-22,6418.0
2016-07-25,8857.08
2016-07-26,5086.0
2016-07-27,6729.0
2016-07-28,4301.52
2016-07-29,6245.0
2016-07-31,8.0
2016-08-01,5539.0
2016-08-02,7805.465
2016-08-03,4460.0
2016-08-04,2839.0
2016-08-05,3363.0
2016-08-08,9704.0
2016-08-09,4448.08
2016-08-10,3872.0
2016-08-11,3832.0
2016-08-12,3236.0
2016-08-14,12.0
2016-08-15,3840.0
2016-08-16,4025.0
2016-08-17,4346.0
2016-08-18,4620.0
2016-08-19,5791.0
2016-08-22,5914.0
2016-08-23,6545.0
2016-08-24,4530.0
2016-08-25,2872.0
2016-08-26,3837.0
2016-08-29,15557.5
2016-08-30,6308.16
2016-08-31,4647.0
2016-09-01,4161.0
2016-09-02,3894.0
2016-09-05,8326.0
2016-09-06,9535.0
2016-09-07,7795.0
2016-09-08,4885.0
2016-09-09,6769.0
2016-09-12,9031.0
2016-09-13,7613.0
2016-09-14,6914.0
2016-09-15,5202.0
2016-09-16,7168.0
2016-09-19,10878.0
2016-09-20,8347.0
2016-09-21,7394.0
2016-09-22,5585.3
2016-09-23,5210.0
2016-09-25,36.0
2016-09-26,7962.0
2016-09-27,6775.0
2016-09-28,8159.0
2016-09-29,6505.0
2016-09-30,6446.0
2016-10-02,18.0
2016-10-03,8972.0
2016-10-04,6649.0
2016-10-05,6549.0
2016-10-06,7706.0
2016-10-07,8202.024
2016-10-10,8592.0
2016-10-11,7528.0
2016-10-12,6811.0
2016-10-13,4571.0
2016-10-14,5327.08
2016-10-17,8419.0
2016-10-18,5936.0
2016-10-19,6355.0
2016-10-20,6398.0
2016-10-21,7256.362
2016-10-23,120.0
2016-10-24,6968.0
2016-10-25,4561.0
2016-10-26,3990.0
2016-10-27,5496.0
2016-10-28,5723.0
2016-10-31,6398.0
2016-11-01,3553.0
2016-11-02,3666.0
2016-11-03,6432.0
2016-11-04,6929.0
2016-11-07,8754.59
2016-11-08,7161.0
2016-11-09,6391.478
2016-11-10,5242.1
2016-11-11,3611.0
2016-11-14,7646.0
2016-11-15,7745.0
2016-11-16,8014.0
2016-11-17,4985.0
2016-11-18,6657.0
2016-11-21,7981.0
2016-11-22,9117.0
2016-11-23,5180.638
2016-11-24,4511.0
2016-11-25,5556.0
2016-11-28,11280.0
2016-11-29,9951.0
2016-11-30,7016.2
2016-12-01,5342.87
2016-12-02,6802.0
2016-12-05,8306.08
2016-12-06,8310.0
2016-12-07,6973.0
2016-12-08,5647.16
2016-12-09,6296.0
2016-12-12,9394.0
2016-12-13,5664.0
2016-12-14,4310.0
2016-12-15,4476.05
2016-12-16,6420.0
2016-12-19,19868.0
2016-12-20,21999.0
2016-12-21,12426.673999999999
2016-12-22,4029.0
2016-12-23,18052.37
2016-12-26,5705.0
2016-12-27,4485.0
2016-12-28,4783.0
2016-12-29,3342.0
2016-12-30,0.0
2017-01-02,310.0
2017-01-05,537.78
2017-01-06,7981.258
2017-01-07,1034.0
2017-01-09,34108.08
2017-01-10,32631.16
2017-01-11,21908.516
2017-01-12,16515.0
2017-01-13,37781.0
2017-01-16,30307.0
2017-01-17,10968.0
2017-01-18,26629.0
2017-01-19,22943.056
2017-01-20,20560.0
2017-01-22,4920.0
2017-01-23,31529.0
2017-01-24,13945.0
2017-01-25,6409.0
2017-01-26,16104.0
2017-01-27,21042.0
2017-01-29,2217.0
2017-01-30,34231.0
2017-01-31,20641.0
2017-02-01,15345.0
2017-02-02,20450.86
2017-02-03,23750.0
2017-02-05,2049.0
2017-02-06,18012.43
2017-02-07,24269.86
2017-02-08,15915.0
2017-02-09,15019.0
2017-02-10,23342.0
2017-02-12,4165.0
2017-02-13,25388.48
2017-02-14,22462.16
2017-02-15,17486.0
2017-02-16,14135.0
2017-02-17,22664.02
2017-02-19,2992.0
2017-02-20,19102.24
2017-02-21,18146.554
2017-02-22,12938.0
2017-02-23,15772.0
2017-02-24,13601.0
2017-02-26,4152.0
2017-02-27,22495.0
2017-02-28,21570.0
2017-03-01,12759.0
2017-03-02,24715.0
2017-03-03,14807.0
2017-03-05,2420.0
2017-03-06,23343.0
2017-03-07,18889.0
2017-03-08,15884.0
2017-03-09,11164.4
2017-03-10,10672.0
2017-03-12,1861.0
2017-03-13,32543.108
2017-03-14,22783.16
2017-03-15,14753.12
2017-03-16,24001.0
2017-03-17,23737.0
2017-03-19,2611.0
2017-03-20,22112.0
2017-03-21,20031.0
2017-03-22,12829.0
2017-03-23,23440.0
2017-03-24,20481.0
2017-03-26,2949.0
2017-03-27,23732.62
2017-03-28,19730.24
2017-03-29,20886.0
2017-03-30,15962.0
2017-03-31,25660.0
2017-04-02,5000.0
2017-04-03,33481.0
2017-04-04,23617.0
2017-04-05,14237.599
2017-04-06,16875.198
2017-04-07,25858.5
2017-04-09,2436.0
2017-04-10,21157.0
2017-04-11,23268.0
2017-04-12,24854.0
2017-04-13,11590.4
2017-04-14,29468.0
2017-04-16,9655.4
2017-04-17,3567.0
2017-04-18,18376.564
2017-04-19,19495.0
2017-04-20,19694.896
2017-04-21,20670.0
2017-04-23,4947.0
2017-04-24,29027.0
2017-04-25,22595.592
2017-04-26,21942.0
2017-04-27,18120.0
2017-04-28,20022.0
2017-05-01,1986.0
2017-05-02,16336.0
2017-05-03,16908.0
2017-05-04,33710.0
2017-05-05,25170.8
2017-05-07,4378.0
2017-05-08,17249.0
2017-05-09,16041.0
2017-05-10,24203.99
2017-05-11,14335.48
2017-05-12,24197.0
2017-05-14,32.0
2017-05-15,27208.176
2017-05-16,25085.852
2017-05-17,22298.5
2017-05-18,7862.6
2017-05-19,15114.0
2017-05-21,3846.0
2017-05-22,34723.47
2017-05-23,18720.0
2017-05-24,24220.0
2017-05-25,14129.0
2017-05-26,10698.0
2017-05-28,2787.0
2017-05-29,27787.0
2017-05-30,24734.0
2017-05-31,16004.0
2017-06-01,17002.0
2017-06-02,22148.0
2017-06-04,4599.0
2017-06-05,4376.0
2017-06-06,22228.0
2017-06-07,29663.0
2017-06-08,21299.0
2017-06-09,17538.0
2017-06-11,3057.0
2017-06-12,26677.08
2017-06-13,27801.16
2017-06-14,25958.94
2017-06-15,15294.5
2017-06-16,21513.0
2017-06-18,5340.0
2017-06-19,21003.0
2017-06-20,22711.0
2017-06-21,21681.0
2017-06-22,20705.0
2017-06-23,17603.402000000002
2017-06-25,4068.0
2017-06-26,27097.0
2017-06-27,20435.6
2017-06-28,26801.0
2017-06-29,22455.0
2017-06-30,25848.0
2017-07-01,60.0
2017-07-02,4934.0
2017-07-03,28678.0
2017-07-04,32399.0
2017-07-05,21176.0
2017-07-06,16952.248
2017-07-07,14938.4
2017-07-09,3883.0
2017-07-10,36382.096
2017-07-11,16916.0
2017-07-12,23064.0
2017-07-13,14033.268
2017-07-14,5789.0
2017-07-16,3091.0
2017-07-17,28033.536
2017-07-18,22868.0
2017-07-19,17843.5
2017-07-20,18768.78
2017-07-21,18466.5
2017-07-23,4802.0
2017-07-24,18072.0
2017-07-25,21722.0
2017-07-26,17155.0
2017-07-27,14308.1
2017-07-28,14770.0
2017-07-30,3751.0
2017-07-31,20846.2
2017-08-01,13387.4
2017-08-02,16827.5
2017-08-03,13226.0
2017-08-04,17763.0
2017-08-06,3139.0
2017-08-07,21614.0
2017-08-08,10446.0
2017-08-09,15943.0
2017-08-10,12960.0
2017-08-11,11387.0
2017-08-13,3958.0
2017-08-14,15155.0
2017-08-15,2634.2
2017-08-16,5965.0
2017-08-17,21466.0
2017-08-18,8619.294
2017-08-20,2972.0
2017-08-21,17722.0
2017-08-22,12930.15
2017-08-23,11866.0
2017-08-24,15320.134
2017-08-25,16040.0
2017-08-27,3894.0
2017-08-28,16302.0
2017-08-29,18831.0
2017-08-30,12732.0
2017-08-31,13514.0
2017-09-01,19628.0
2017-09-03,7193.0
2017-09-04,20639.48
2017-09-05,23405.0
2017-09-06,16566.0
2017-09-07,20360.0
2017-09-08,22404.0
2017-09-09,184.0
2017-09-10,5183.0
2017-09-11,21084.5
2017-09-12,27125.5
2017-09-13,10298.0
2017-09-14,22434.588
2017-09-15,22364.0
2017-09-17,4350.0
2017-09-18,21531.0
2017-09-19,19402.0
2017-09-20,15325.0
2017-09-21,14907.04
2017-09-22,15689.08
2017-09-24,3933.0
2017-09-25,19292.24
2017-09-26,16801.0
2017-09-27,19359.0
2017-09-28,21286.24
2017-09-29,16234.0
2017-09-30,116.0
2017-10-01,7108.0
2017-10-02,40943.0
2017-10-03,19425.0
2017-10-04,19105.0
2017-10-05,12530.0
2017-10-06,19647.0
2017-10-08,5302.0
2017-10-09,11185.0
2017-10-10,25296.0
2017-10-11,18800.6
2017-10-12,18609.0
2017-10-13,10090.0
2017-10-14,52.0
2017-10-15,5716.0
2017-10-16,29478.0
2017-10-17,11859.2
2017-10-18,13373.0
2017-10-19,13886.0
2017-10-20,16392.0
2017-10-21,5069.0
2017-10-22,15.0
2017-10-23,27451.0
2017-10-24,12448.092
2017-10-25,15972.0
2017-10-26,13382.0
2017-10-27,14256.0
2017-10-29,4378.0
2017-10-30,23996.0
2017-10-31,14041.0
2017-11-01,3664.0
2017-11-02,21808.0
2017-11-03,18700.0
2017-11-05,4128.0
2017-11-06,15218.0
2017-11-07,25425.0
2017-11-08,15075.0
2017-11-09,12040.0
2017-11-10,20632.0
2017-11-12,5937.0
2017-11-13,23423.0
2017-11-14,16427.784
2017-11-15,19539.0
2017-11-16,12678.0
2017-11-17,20476.9
2017-11-19,4733.0
2017-11-20,20096.0
2017-11-21,18089.1
2017-11-22,22871.0
2017-11-23,13490.764
2017-11-24,22833.0
2017-11-25,960.0
2017-11-26,3334.0
2017-11-27,20352.0
2017-11-28,15788.0
2017-11-29,12730.0
2017-11-30,13317.0
2017-12-01,18589.0
2017-12-03,5944.0
2017-12-04,26161.0
2017-12-05,11043.0
2017-12-06,16570.7
2017-12-07,15957.0
2017-12-08,20064.0
2017-12-09,5988.0
2017-12-10,440.0
2017-12-11,21950.0
2017-12-12,11401.0
2017-12-13,18492.0
2017-12-14,6686.528
2017-12-15,26753.0
2017-12-17,9216.0
2017-12-18,19214.0
2017-12-19,15672.08
2017-12-20,19650.932
2017-12-21,19409.06
2017-12-22,13241.0
2017-12-24,5157.0
2017-12-25,3943.0
2017-12-26,20059.0
2017-12-27,12749.0
2017-12-28,7667.0
2017-12-29,1059.7
2018-01-01,5994.0
2018-01-02,45292.0
2018-01-03,13143.0
2018-01-04,12025.0
2018-01-05,15621.0
2018-01-07,7314.0
2018-01-08,22055.0
2018-01-09,16482.4
2018-01-10,13757.0
2018-01-11,11398.0
2018-01-12,29196.0
2018-01-14,4640.0
2018-01-15,29374.0
2018-01-16,13540.0
2018-01-17,19822.0
2018-01-18,15172.0
2018-01-19,16899.0
2018-01-21,5390.0
2018-01-22,29488.0
2018-01-23,13220.9
2018-01-24,13362.0
2018-01-25,11995.864
2018-01-26,15137.0
2018-01-28,4039.0
2018-01-29,29114.0
2018-01-30,21097.0
2018-01-31,10955.67
2018-02-01,11731.764
2018-02-02,17482.0
2018-02-04,3814.0
2018-02-05,32213.87
2018-02-06,14636.0
2018-02-07,17557.0
2018-02-08,11397.0
2018-02-09,19473.0
2018-02-11,5728.0
2018-02-12,31480.0
2018-02-13,14413.0
2018-02-14,11864.128
2018-02-15,13760.0
2018-02-16,14315.0
2018-02-18,4555.0
2018-02-19,25162.0
2018-02-20,10656.0
2018-02-21,13074.0
2018-02-22,15075.0
2018-02-23,16512.176
2018-02-25,3459.0
2018-02-26,32570.0
2018-02-27,13645.0
2018-02-28,12019.0
2018-03-01,16162.0
2018-03-02,13996.0
2018-03-04,5056.0
2018-03-05,25907.0
2018-03-06,15308.0
2018-03-07,16516.0
2018-03-08,13494.0
2018-03-09,20362.0
2018-03-11,7711.0
2018-03-12,23774.0
2018-03-13,14362.0
2018-03-14,9472.352
2018-03-15,19869.0
2018-03-16,15000.0
2018-03-18,14418.0
2018-03-19,17776.0
2018-03-20,14240.86
2018-03-21,9902.0
2018-03-22,17660.0
2018-03-23,19871.0
2018-03-25,3800.0
2018-03-26,17497.0
2018-03-27,15177.0
2018-03-28,18453.386
2018-03-29,15593.3
2018-03-30,25451.6
2018-03-31,20.0
2018-04-01,4780.0
2018-04-02,7214.0
2018-04-03,27999.0
2018-04-04,16733.0
2018-04-05,16415.0
2018-04-06,17367.0
2018-04-08,4111.0
2018-04-09,26992.224
2018-04-10,16769.448
2018-04-11,17983.0
2018-04-12,18486.0
2018-04-13,17091.0
2018-04-14,270.0
2018-04-15,4155.772
2018-04-16,23260.0
2018-04-17,18897.5
2018-04-18,13951.0
2018-04-19,13708.0
2018-04-20,15800.386
2018-04-22,3143.0
2018-04-23,26398.0
2018-04-24,14744.0
2018-04-25,16355.0
2018-04-26,15765.0
2018-04-27,19445.0
2018-04-29,9181.0
2018-04-30,23651.0
2018-05-01,2390.0
2018-05-02,15943.0
2018-05-03,13337.0
2018-05-04,18307.0
2018-05-06,3097.0
2018-05-07,28636.0
2018-05-08,1837.0
2018-05-09,10515.32
2018-05-10,3040.0
2018-05-11,20627.64
2018-05-13,5360.0
2018-05-14,23569.772
2018-05-15,15642.0
2018-05-16,18187.0
2018-05-17,20711.0
2018-05-18,20789.564
2018-05-20,4539.0
2018-05-21,15722.0
2018-05-22,12618.008
2018-05-23,14278.0
2018-05-24,13509.0
2018-05-25,16430.08
2018-05-27,2969.0
2018-05-28,24927.16
2018-05-29,16229.0
2018-05-30,13951.0
2018-05-31,15443.0
2018-06-01,11521.0
2018-06-03,5894.0
2018-06-04,40714.0
2018-06-05,14177.0
2018-06-06,20904.0
2018-06-07,15467.0
2018-06-08,18275.0
2018-06-11,30902.0
2018-06-12,18284.0
2018-06-13,12202.0
2018-06-14,17778.076
2018-06-15,19103.32
2018-06-17,4249.0
2018-06-18,17713.0
2018-06-19,20709.26
2018-06-20,18870.52
2018-06-21,13898.0
2018-06-22,18523.0
2018-06-24,4452.0
2018-06-25,27138.0
2018-06-26,20004.268
2018-06-27,15093.0
2018-06-28,15948.0
2018-06-29,16449.0
2018-06-30,20.0
2018-07-01,5575.0
2018-07-02,39567.0
2018-07-03,11410.0
2018-07-04,23072.4
2018-07-05,13833.8
2018-07-06,20529.0
2018-07-08,4172.0
2018-07-09,23890.0
2018-07-10,14563.0
2018-07-11,16183.0
2018-07-12,11019.0
2018-07-13,21637.0
2018-07-16,15221.536
2018-07-17,20846.0
2018-07-18,14439.0
2018-07-19,12560.0
2018-07-20,15882.0
2018-07-22,3778.0
2018-07-23,24512.0
2018-07-24,13926.24
2018-07-25,13989.386
2018-07-26,11449.0
2018-07-27,14928.0
2018-07-28,40.0
2018-07-29,286.0
2018-07-30,25540.0
2018-07-31,11528.0
2018-08-01,8817.0
2018-08-02,14807.0
2018-08-03,12959.0
2018-08-04,150.0
2018-08-06,12396.0
2018-08-07,15108.0
2018-08-08,6778.0
2018-08-09,12771.0
2018-08-10,12631.0
2018-08-13,24808.0
2018-08-14,9737.0
2018-08-15,1385.772
2018-08-16,9261.2
2018-08-17,11959.4
2018-08-19,2840.0
2018-08-20,17509.0
2018-08-21,12692.0
2018-08-22,9857.0
2018-08-23,13965.0
2018-08-24,9291.0
2018-08-25,126.0
2018-08-27,15465.0
2018-08-28,19089.0
2018-08-29,13314.0
2018-08-30,15389.0
2018-08-31,20241.0
2018-09-01,36.0
2018-09-02,3449.0
2018-09-03,24172.0
2018-09-04,7878.0
2018-09-05,23172.386
2018-09-06,11379.0
2018-09-07,21101.0
2018-09-09,4783.0
2018-09-10,30809.0
2018-09-11,10125.0
2018-09-12,22766.5
2018-09-13,12778.572
2018-09-14,16470.0
2018-09-16,5437.772
2018-09-17,28790.0
2018-09-18,9888.0
2018-09-19,11187.0
2018-09-20,8496.144
2018-09-21,15272.0
2018-09-23,4356.0
2018-09-24,22472.0
2018-09-25,15389.0
2018-09-26,14109.0
2018-09-27,18738.24
2018-09-28,17592.0
2018-09-30,5576.0
2018-10-01,24357.0
2018-10-02,22941.0
2018-10-03,13560.0
2018-10-04,15261.0
2018-10-05,18864.48
2018-10-07,4426.0
2018-10-08,28648.0
2018-10-09,12071.0
2018-10-10,12614.0
2018-10-11,11684.0
2018-10-12,26976.0
2018-10-14,9230.0
2018-10-15,17443.374
2018-10-16,10990.0
2018-10-17,11329.0
2018-10-18,11359.0
2018-10-19,19179.0
2018-10-21,5342.0
2018-10-22,23488.596
2018-10-23,9003.0
2018-10-24,10697.0
2018-10-25,12278.0
2018-10-26,15774.0
2018-10-28,3848.0
2018-10-29,30487.0
2018-10-30,13642.0
2018-10-31,10293.0
2018-11-01,1784.0
2018-11-02,19592.0
2018-11-04,3318.0
2018-11-05,17630.0
2018-11-06,9178.0
2018-11-07,17995.0
2018-11-08,14874.0
2018-11-09,16129.0
2018-11-11,3219.0
2018-11-12,24707.672
2018-11-13,24096.344
2018-11-14,11307.192
2018-11-15,7435.0
2018-11-16,20988.0
2018-11-17,108.0
2018-11-18,4055.0
2018-11-19,21440.7
2018-11-20,12207.0
2018-11-21,12967.0
2018-11-22,12339.0
2018-11-23,16054.0
2018-11-25,2769.0
2018-11-26,17704.0
2018-11-27,10904.0
2018-11-28,19942.0
2018-11-29,10938.0
2018-11-30,18745.0
2018-12-01,48.0
2018-12-02,4068.0
2018-12-03,28222.0
2018-12-04,13492.0
2018-12-05,18931.618
2018-12-06,10989.236
2018-12-07,17952.08
2018-12-09,3118.0
2018-12-10,28697.236
2018-12-11,13648.152
2018-12-12,21429.0
2018-12-13,10233.048
2018-12-14,18578.0
2018-12-16,3679.0
2018-12-17,9910.0
2018-12-18,23661.0
2018-12-19,17855.0
2018-12-20,13676.0
2018-12-21,14828.0
2018-12-23,7012.0
2018-12-24,10287.0
2018-12-25,1764.0
2018-12-26,11060.0
2018-12-27,5327.016
2018-12-28,1496.0
2018-12-30,105.0
2018-12-31,2186.0
2019-01-01,311.0
2019-01-02,53942.0
2019-01-03,14679.0
2019-01-04,15435.0
2019-01-05,806.0
2019-01-06,2810.0
2019-01-07,28094.0
2019-01-08,18657.0
2019-01-09,12165.032
2019-01-10,10734.0
2019-01-11,20024.0
2019-01-12,254.0
2019-01-13,640.0
2019-01-14,24864.0
2019-01-15,32641.0
2019-01-16,17719.0
2019-01-17,15707.0
2019-01-18,17835.0
2019-01-19,50.0
2019-01-20,4329.0
2019-01-21,22242.0
2019-01-22,18232.0
2019-01-23,10849.0
2019-01-24,11748.0
2019-01-25,16474.614
2019-01-26,0.0
2019-01-27,3586.0
2019-01-28,25707.0
2019-01-29,14873.0
2019-01-30,10727.0
2019-01-31,9858.0
2019-02-01,17251.0
2019-02-02,107.0
2019-02-03,5820.0
2019-02-04,23116.0
2019-02-05,24517.0
2019-02-06,8380.64
2019-02-07,12216.8
2019-02-08,15960.0
2019-02-10,8712.2
2019-02-11,23291.4
2019-02-12,24579.0
2019-02-13,11070.0
2019-02-14,13556.0
2019-02-15,13759.0
2019-02-17,3524.0
2019-02-18,18085.0
2019-02-19,24739.0
2019-02-20,12197.0
2019-02-21,10566.0
2019-02-22,14164.0
2019-02-24,5728.0
2019-02-25,30691.614
2019-02-26,3987.0
2019-02-27,19722.0
2019-02-28,14595.0
2019-03-01,25812.058
2019-03-02,147.0
2019-03-03,7791.0
2019-03-04,33076.0
2019-03-05,17695.0
2019-03-06,20770.0
2019-03-07,14068.5
2019-03-08,12891.0
2019-03-09,0.0
2019-03-10,5326.116
2019-03-11,21036.0
2019-03-12,16112.0
2019-03-13,20734.0
2019-03-14,11651.0
2019-03-15,19157.0
2019-03-17,5256.0
2019-03-18,23298.0
2019-03-19,10523.0
2019-03-20,17726.62
2019-03-21,16141.24
2019-03-22,12957.868
2019-03-24,4725.0
2019-03-25,26096.0
2019-03-26,11094.5
2019-03-27,19572.0
2019-03-28,10063.0
2019-03-29,25523.24
2019-03-31,9278.0
2019-04-01,29021.0
2019-04-02,18134.0
2019-04-03,15962.431
2019-04-04,13931.08
2019-04-05,18442.16
2019-04-07,6491.0
2019-04-08,32913.0
2019-04-09,16024.0
2019-04-10,12568.0
2019-04-11,14566.016
2019-04-12,19761.0
2019-04-13,10.0
2019-04-14,10712.0
2019-04-15,20580.0
2019-04-16,14538.0
2019-04-17,12039.0
2019-04-18,13802.2
2019-04-19,14800.0
2019-04-22,828.0
2019-04-23,33524.4
2019-04-24,14849.0
2019-04-25,8822.0
2019-04-26,13051.0
2019-04-28,12453.0
2019-04-29,24468.0
2019-04-30,21090.05
2019-05-01,3518.0
2019-05-02,13878.0
2019-05-03,14653.022
2019-05-05,5265.0
2019-05-06,22737.84
2019-05-07,21294.0
2019-05-08,9913.0
2019-05-09,10373.0
2019-05-10,15994.0
2019-05-12,10173.1
2019-05-13,26077.0
2019-05-14,22666.0
2019-05-15,13381.84
2019-05-16,12222.0
2019-05-17,20060.06
2019-05-19,214.0
2019-05-20,32375.62
2019-05-21,21349.344
2019-05-22,14914.516
2019-05-23,10521.0
2019-05-24,15621.5
2019-05-27,23390.0
2019-05-28,31602.24
2019-05-29,16697.0
2019-05-30,1819.0
2019-05-31,14103.0
2019-06-02,9404.0
2019-06-03,29098.0
2019-06-04,16916.0
2019-06-05,15329.0
2019-06-06,10138.0
2019-06-07,21922.0
2019-06-09,7830.0
2019-06-10,14492.0
2019-06-11,13611.0
2019-06-12,20563.2
2019-06-13,13388.0
2019-06-14,17297.4
2019-06-16,6143.0
2019-06-17,25463.05
2019-06-18,21183.0
2019-06-19,14338.0
2019-06-20,12681.0
2019-06-21,15913.0
2019-06-23,7293.0
2019-06-24,26077.458
2019-06-25,19202.916
2019-06-26,16126.0
2019-06-27,13638.8
2019-06-28,21493.6
2019-06-30,7627.0
2019-07-01,30334.5
2019-07-02,22797.0
2019-07-03,9184.0
2019-07-04,18423.0
2019-07-05,17262.0
2019-07-07,7316.0
2019-07-08,31182.0
2019-07-09,20400.0
2019-07-10,12550.0
2019-07-11,11038.048
2019-07-12,18533.0
2019-07-14,7645.0
2019-07-15,34849.748
2019-07-16,15019.0
2019-07-17,11489.0
2019-07-18,12256.0
2019-07-19,18997.0
2019-07-21,6917.0
2019-07-22,28009.0
2019-07-23,11553.522
2019-07-24,10503.104
2019-07-25,6363.0
2019-07-26,15522.0
2019-07-28,15.0
2019-07-29,7254.0
2019-07-30,7870.0
2019-07-31,41497.5
2019-08-01,8780.0
2019-08-02,11958.0
2019-08-03,90.0
2019-08-04,7109.0
2019-08-05,16219.0
2019-08-06,16705.0
2019-08-07,9518.0
2019-08-08,6796.0
2019-08-09,9588.0
2019-08-11,7743.0
2019-08-12,18033.0
2019-08-13,9309.0
2019-08-14,6287.29
2019-08-15,1775.94
2019-08-16,11318.0
2019-08-18,5689.0
2019-08-19,17440.092
2019-08-20,10541.402
2019-08-21,13911.984
2019-08-22,6929.0
2019-08-23,10398.0
2019-08-25,7608.0
2019-08-26,19149.0
2019-08-27,11001.0
2019-08-28,10978.0
2019-08-29,13978.0
2019-08-30,18483.0
2019-09-01,7562.0
2019-09-02,28853.0
2019-09-03,16168.65
2019-09-04,10153.3
2019-09-05,12769.0
2019-09-06,17208.0
2019-09-08,9920.0
2019-09-09,29108.05
2019-09-10,18280.0
2019-09-11,14033.052
2019-09-12,14593.104
2019-09-13,11576.0
2019-09-15,8242.1
2019-09-16,32979.402
2019-09-17,16883.65
2019-09-18,8682.0
2019-09-19,11497.0
2019-09-20,16901.56
2019-09-22,5304.0
2019-09-23,20951.0
2019-09-24,16899.3
2019-09-25,6474.0
2019-09-26,15681.0
2019-09-27,14494.0
2019-09-29,8558.0
2019-09-30,28874.0
2019-10-01,15026.0
2019-10-02,17036.0
2019-10-03,10502.2
2019-10-04,21655.0
2019-10-06,14368.0
2019-10-07,24283.4
2019-10-08,13333.0
2019-10-09,8078.0
2019-10-10,5490.0
2019-10-11,15485.9
2019-10-13,10353.0
2019-10-14,27685.18
2019-10-15,17807.0
2019-10-16,9640.0
2019-10-17,12071.0
2019-10-18,13838.0
2019-10-20,7595.0
2019-10-21,20681.0
2019-10-22,16848.0
2019-10-23,10013.0
2019-10-24,6885.176
2019-10-25,12401.0
2019-10-27,18947.0
2019-10-28,23394.0
2019-10-29,20014.0
2019-10-30,9009.9
2019-10-31,8593.0
2019-11-01,3895.0
2019-11-03,290.0
2019-11-04,37039.0
2019-11-05,19176.9
2019-11-06,12602.0
2019-11-07,11979.0
2019-11-08,17271.6
2019-11-11,20091.0
2019-11-12,17529.0
2019-11-13,16555.0
2019-11-14,9334.352
2019-11-15,11935.0
2019-11-17,5261.0
2019-11-18,26664.0
2019-11-19,13892.65
2019-11-20,14052.134
2019-11-21,9500.0
2019-11-22,15928.18
2019-11-25,29293.0
2019-11-26,15719.0
2019-11-27,9308.0
2019-11-28,13339.0
2019-11-29,15148.0
2019-12-02,32993.0
2019-12-03,14683.888
2019-12-04,15286.0
2019-12-05,14465.5
2019-12-06,17264.0
2019-12-08,450.0
2019-12-09,27126.0
2019-12-10,13147.0
2019-12-11,13297.188
2019-12-12,13527.0
2019-12-13,15012.0
2019-12-14,978.0
2019-12-15,2.268
2019-12-16,20967.71
2019-12-17,31641.0
2019-12-18,14129.0
2019-12-19,30526.0
2019-12-20,14433.0
2019-12-21,1286.0
2019-12-23,37083.0
2019-12-24,28028.0
2019-12-25,6464.0
2019-12-26,9023.0
2019-12-27,3617.0
2019-12-30,1986.134
2019-12-31,918.0
